"id","created_at","name","has_test","alternate_url"
"122636190","2025-07-10T15:58:43+0300","Data Scientist",false,"https://hh.ru/vacancy/122636190"
"122837835","2025-07-15T19:28:06+0300","LLM/ML Engineer",false,"https://hh.ru/vacancy/122837835"
"122940580","2025-07-17T12:41:08+0300","Ведущий разработчик искусственного интеллекта/Middle Data scientist",false,"https://hh.ru/vacancy/122940580"
"123143442","2025-07-23T12:16:07+0300","Data Scientist (Middle) / Специалист по машинному обучению и оптимизации",false,"https://hh.ru/vacancy/123143442"
"123302703","2025-07-28T10:52:08+0300","Data Scientist (Antifraud), г. Якутск",false,"https://hh.ru/vacancy/123302703"
"123449297","2025-07-31T08:47:09+0300","Data-scientist",false,"https://hh.ru/vacancy/123449297"
"123463613","2025-07-31T12:22:06+0300","Data Scientist / ML-инженер",false,"https://hh.ru/vacancy/123463613"
"123318628","2025-08-01T09:30:11+0300","SQL-разработчик (Senior)",false,"https://hh.ru/vacancy/123318628"
"123509957","2025-08-01T10:29:52+0300","Data Scientist",false,"https://hh.ru/vacancy/123509957"
"123557335","2025-08-04T08:59:43+0300","Data Scientist (математическое моделирование)",false,"https://hh.ru/vacancy/123557335"
"123557711","2025-08-04T09:03:26+0300","Таргетолог",false,"https://hh.ru/vacancy/123557711"
"123586757","2025-08-04T11:52:45+0300","Data Scientist (LLM)",false,"https://hh.ru/vacancy/123586757"
"123613186","2025-08-04T17:11:07+0300","Data Scientist",false,"https://hh.ru/vacancy/123613186"
"123651307","2025-08-05T13:50:12+0300","Backend-разработчик Python (AI / RAG-системы)",false,"https://hh.ru/vacancy/123651307"
"123056401","2025-08-05T17:27:32+0300","Data scientist",false,"https://hh.ru/vacancy/123056401"
"123441557","2025-08-05T18:17:30+0300","Data Scientist",false,"https://hh.ru/vacancy/123441557"
"123671848","2025-08-05T19:08:16+0300","Data Scientist",false,"https://hh.ru/vacancy/123671848"
"123681284","2025-08-06T09:14:52+0300","Data Scientist / ML-специалист",false,"https://hh.ru/vacancy/123681284"
"123697055","2025-08-06T12:41:10+0300","Data Scientist",false,"https://hh.ru/vacancy/123697055"
"123484931","2025-08-06T16:51:20+0300","Engineering Manager / Team Lead",false,"https://hh.ru/vacancy/123484931"
